ayush0hakmn,dinesh0joshi090
ayush0hakmn,anu0bhawana
ayush0hakmn,ckjat
ayush0hakmn,100008988245715
ayush0hakmn,manojrsarda
ayush0hakmn,1810900799
ayush0hakmn,rashmistats
ayush0hakmn,anandvijayvargiya2608
ayush0hakmn,gagan0kewalramani03
ayush0hakmn,kgbhatwadekar
ayush0hakmn,hrishi0vyas03
ayush0hakmn,rajat0jain0543
ayush0hakmn,vinitaismine
ayush0hakmn,vishvendra0punia
ayush0hakmn,seema0saboo01
ayush0hakmn,dinesh0khatri0167
ayush0hakmn,manasa0lokesh
ayush0hakmn,sandeep4vnit
ayush0hakmn,lavi0tyagi058
ayush0hakmn,devanshi0mehta0311
ayush0hakmn,csandaka
ayush0hakmn,pandey0raghav
ayush0hakmn,Sohamkavathekar
ayush0hakmn,jyoti0bohara0560
ayush0hakmn,shruti0gangal09
ayush0hakmn,arpit0banerjee09
ayush0hakmn,TISSMumbai/
ayush0hakmn,rohit0chhajed2
ayush0hakmn,apctr9
ayush0hakmn,ashvin0suthar777
ayush0hakmn,rajeshsachar0cse
ayush0hakmn,rekha0gagrani07
ayush0hakmn,ritu0saboo
ayush0hakmn,laxmikant0saboo01
ayush0hakmn,laxmikant0saboo
ayush0hakmn,nilesh0rasam01
ayush0hakmn,mandar0datar
ayush0hakmn,vikas0bhakar05
ayush0hakmn,nitin0verma037454
ayush0hakmn,mishrahulk
ayush0hakmn,jibanjyoti0routray09
ayush0hakmn,harsh0shah04949
ayush0hakmn,100001557751449
ayush0hakmn,mohitjain1988
ayush0hakmn,dhanvesh0jain
ayush0hakmn,chander0prakash09047
ayush0hakmn,imakashgoyal
ayush0hakmn,rajendra0kukna
ayush0hakmn,nitin0kushwah016
ayush0hakmn,yogeendra0maravante
ayush0hakmn,hemant50505
ayush0hakmn,nitin0panwad
ayush0hakmn,100009295957918
ayush0hakmn,ashishiitb2013
ayush0hakmn,snehasis0biswas03
ayush0hakmn,Rismath
ayush0hakmn,puneet0240khandelwal
ayush0hakmn,100000796851933
ayush0hakmn,nandkishore0sharma
ayush0hakmn,maheep0dwivedi03
ayush0hakmn,aseemksharma
ayush0hakmn,sakshi0saboo0399
ayush0hakmn,100009053272163
ayush0hakmn,dharmendra0shukla090
ayush0hakmn,91ashu67
ayush0hakmn,shishir0tiwari0809
ayush0hakmn,avadhootkhare
ayush0hakmn,akshita0gagrani05
ayush0hakmn,lnryana
ayush0hakmn,narayan0gavde
ayush0hakmn,satyanarayan1659
ayush0hakmn,pallav0ranjan03
ayush0hakmn,dinesh0joshi090
ayush0hakmn,jibanjyoti0routray09
ayush0hakmn,deepak0singh09404362
ayush0hakmn,ashishiitb2013
ayush0hakmn,rashmistats
ayush0hakmn,arjun20120sanyal
ayush0hakmn,sakshi0saboo0399
ayush0hakmn,100004634867920
ayush0hakmn,nandkishore0sharma
ayush0hakmn,vaibhav0gupta037017794
ayush0hakmn,100014342430657
ayush0hakmn,gaurav0gupta23
ayush0hakmn,shishir0tiwari0809
ayush0hakmn,anu0bhawana
ayush0hakmn,100000706081620
ayush0hakmn,V86007
ayush0hakmn,91ashu67
ayush0hakmn,prateek0vijay077
ayush0hakmn,vikkumlp
ayush0hakmn,krishnamoorthy0iyer058
ayush0hakmn,snehasis0biswas03
ayush0hakmn,lokesh0sharma05661
ayush0hakmn,bharath0veera05
ayush0hakmn,avadhootkhare
ayush0hakmn,pushpen0agrawal
ayush0hakmn,amit0jethliya03
ayush0hakmn,joy0pal09
ayush0hakmn,kalindi0gupta
ayush0hakmn,agrwlgrv
ayush0hakmn,dinesh0khatri0167
ayush0hakmn,ritwik0gangopadhyay
ayush0hakmn,chander0prakash09047
ayush0hakmn,mohit0parley
ayush0hakmn,diler0raghav
ayush0hakmn,gagan0kewalramani03
ayush0hakmn,Rahulkaushal009
ayush0hakmn,100001190449726
ayush0hakmn,shaan0negi3
ayush0hakmn,dk0mishra07315
ayush0hakmn,manasa0lokesh
ayush0hakmn,tanmayiitr
ayush0hakmn,themangupedia
ayush0hakmn,deepak0singh09404362
ayush0hakmn,ashishiitb2013
ayush0hakmn,rashmistats
ayush0hakmn,arjun20120sanyal
ayush0hakmn,sakshi0saboo0399
ayush0hakmn,100004634867920
ayush0hakmn,nandkishore0sharma
ayush0hakmn,vaibhav0gupta037017794
ayush0hakmn,100014342430657
ayush0hakmn,gaurav0gupta23
ayush0hakmn,shishir0tiwari0809
ayush0hakmn,anu0bhawana
ayush0hakmn,100000706081620
ayush0hakmn,V86007
ayush0hakmn,91ashu67
ayush0hakmn,prateek0vijay077
ayush0hakmn,vikkumlp
ayush0hakmn,krishnamoorthy0iyer058
ayush0hakmn,snehasis0biswas03
ayush0hakmn,lokesh0sharma05661
ayush0hakmn,bharath0veera05
ayush0hakmn,avadhootkhare
ayush0hakmn,pushpen0agrawal
ayush0hakmn,amit0jethliya03
ayush0hakmn,joy0pal09
ayush0hakmn,kalindi0gupta
ayush0hakmn,agrwlgrv
ayush0hakmn,dinesh0khatri0167
ayush0hakmn,ritwik0gangopadhyay
ayush0hakmn,chander0prakash09047
ayush0hakmn,mohit0parley
ayush0hakmn,diler0raghav
ayush0hakmn,gagan0kewalramani03
ayush0hakmn,Rahulkaushal009
ayush0hakmn,100001190449726
ayush0hakmn,shaan0negi3
ayush0hakmn,dk0mishra07315
ayush0hakmn,manasa0lokesh
ayush0hakmn,tanmayiitr
ayush0hakmn,themangupedia
ayush0hakmn,ashishiitb2013
ayush0hakmn,rashmistats
ayush0hakmn,arjun20120sanyal
ayush0hakmn,sakshi0saboo0399
ayush0hakmn,100004634867920
ayush0hakmn,nandkishore0sharma
ayush0hakmn,vaibhav0gupta037017794
ayush0hakmn,100014342430657
ayush0hakmn,gaurav0gupta23
ayush0hakmn,shishir0tiwari0809
ayush0hakmn,anu0bhawana
ayush0hakmn,100000706081620
ayush0hakmn,V86007
ayush0hakmn,91ashu67
ayush0hakmn,prateek0vijay077
ayush0hakmn,vikkumlp
ayush0hakmn,krishnamoorthy0iyer058
ayush0hakmn,snehasis0biswas03
ayush0hakmn,lokesh0sharma05661
ayush0hakmn,bharath0veera05
ayush0hakmn,avadhootkhare
ayush0hakmn,pushpen0agrawal
ayush0hakmn,amit0jethliya03
ayush0hakmn,joy0pal09
ayush0hakmn,kalindi0gupta
ayush0hakmn,agrwlgrv
ayush0hakmn,dinesh0khatri0167
ayush0hakmn,ritwik0gangopadhyay
ayush0hakmn,chander0prakash09047
ayush0hakmn,mohit0parley
ayush0hakmn,diler0raghav
ayush0hakmn,gagan0kewalramani03
ayush0hakmn,Rahulkaushal009
ayush0hakmn,100001190449726
ayush0hakmn,shaan0negi3
ayush0hakmn,dk0mishra07315
ayush0hakmn,manasa0lokesh
ayush0hakmn,tanmayiitr
ayush0hakmn,themangupedia
hitesh0toff,abhishek0nair07731247
hitesh0toff,shreyash0suryawanshi
hitesh0toff,anoop0kunchukuttan
hitesh0toff,chsasank
hitesh0toff,himanshu0vaidya
hitesh0toff,vaibhav0adhikari054
hitesh0toff,kajal0patil0982
hitesh0toff,nihal0bansode
hitesh0toff,tejaspravinsarvade
hitesh0toff,kshirsagar0pratik
hitesh0toff,shreyas0mhaskar
hitesh0toff,narayan0chakradeo
hitesh0toff,akshay0dangare03
hitesh0toff,100000072048376
hitesh0toff,rohan0raut0501
hitesh0toff,apurv0nagvenkar
hitesh0toff,vishwajeetkumar86
hitesh0toff,rohit0ghosh1
hitesh0toff,vivek0gupta03150
hitesh0toff,vedanti0deshpande090
hitesh0toff,kaiwalya0mainkar
hitesh0toff,himanshu0puranik077
hitesh0toff,shashank0nayak0315
hitesh0toff,anujiitfreakjain
hitesh0toff,harshada0dongare03
hitesh0toff,tanmay0gulavane31
hitesh0toff,saurabh0mhatre04
hitesh0toff,chaitanya0lele07
hitesh0toff,aakash0desai09480
hitesh0toff,100007289447713
hitesh0toff,ajay0jagtap0334
hitesh0toff,nilesh0s0dhavale07
hitesh0toff,atharva0lele090
hitesh0toff,Kaushal0defies0simplicity
hitesh0toff,yash0chawla2
hitesh0toff,AV2495
hitesh0toff,adityajo
hitesh0toff,dipteshkanojia
hitesh0toff,shubhamjain0594
hitesh0toff,prasad0taras07
hitesh0toff,riya0sonak
hitesh0toff,pawan0shirode
hitesh0toff,vikrant0kadam0731
hitesh0toff,rohit0darekar0988
hitesh0toff,mohit0patil0710
hitesh0toff,himanshu0telkikar
hitesh0toff,ankita0pal079
hitesh0toff,poojatarkar11
hitesh0toff,varun0risbud
hitesh0toff,chopraanmol1
hitesh0toff,ramchandra0bhat
hitesh0toff,rajendra0kolape
hitesh0toff,pravin0deshmukh09822
hitesh0toff,HEY0THERE0STALKER
hitesh0toff,ketan0rathod05249349
hitesh0toff,100008972167882
hitesh0toff,nachiket0parchure039
hitesh0toff,prasad0mainkar
hitesh0toff,chandrashekhar0patil03194
hitesh0toff,sushant0kane01
hitesh0toff,rohangadre13
hitesh0toff,prathamesh0dongre039
hitesh0toff,rohit0vaze05
hitesh0toff,shivank0dhote
hitesh0toff,sumeetkamble07
hitesh0toff,akshat0bharat0jain
hitesh0toff,umeshsingh0kaurav
hitesh0toff,ayushi0modh03
hitesh0toff,kunte0anup
hitesh0toff,Apherio
hitesh0toff,omkardeshpande0007
hitesh0toff,avinash0sonak03
hitesh0toff,k100shirole
hitesh0toff,vaibhavi0deshpande094009
hitesh0toff,rajat0sonak
hitesh0toff,tejas0sahasrabuddhe
hitesh0toff,pravin0kapadnis01
hitesh0toff,shreyas0khase01
hitesh0toff,manas0korde
hitesh0toff,ruchir0kelkar
hitesh0toff,rohank11
hitesh0toff,sarvesh0gangal
hitesh0toff,amit0padir
hitesh0toff,sneha0bhagwat1
hitesh0toff,aditya0borhade1
hitesh0toff,100010225592759
hitesh0toff,pallavi0patwardhan05
hitesh0toff,rushiraj0jawale
hitesh0toff,prannoy0mahant
hitesh0toff,vaibhav0kharade023
hitesh0toff,shravan0singh0965
hitesh0toff,yash0khandelwal0161
hitesh0toff,vikas0gokhale012
hitesh0toff,mandar0kopargaonkar
hitesh0toff,100008886707506
hitesh0toff,mynameisprophet
hitesh0toff,shashank0venkatraman05
hitesh0toff,eshwar0gole
hitesh0toff,urjakaulgi
hitesh0toff,nilay0sonparote
hitesh0toff,mandar0kulkarni0102977
hitesh0toff,1352683663
hitesh0toff,100001177803174
hitesh0toff,769864802
hitesh0toff,appa0karkhanis
hitesh0toff,rajas0karve
hitesh0toff,suyog0patwardhan05
hitesh0toff,dnyaneshwari0vel
hitesh0toff,mukul0sathe03
hitesh0toff,ninadpchaudhari
hitesh0toff,abhishek0gawade0792
hitesh0toff,CaptainPiglet
hitesh0toff,pranav0charjan
hitesh0toff,om0dhamdhere
hitesh0toff,jyoti0kulkarni098
hitesh0toff,100008727436501
hitesh0toff,pnimkhedkar
hitesh0toff,100011624822709
hitesh0toff,100005263275041
hitesh0toff,rohit0sonak01
hitesh0toff,nilesh0mahale0313
hitesh0toff,aditi0purohit0315
hitesh0toff,vivek0ranade016
hitesh0toff,jpushkar
hitesh0toff,shivam0mansukh
hitesh0toff,anirudha0deshpande075
hitesh0toff,ketan0shimpi075
hitesh0toff,pranav0dasare
hitesh0toff,bhojraj0savant
hitesh0toff,utkarsh0tonape
hitesh0toff,karanpreet0chima
hitesh0toff,kiran0tatkare0967
hitesh0toff,nemadesunil
hitesh0toff,aniket0hegde
hitesh0toff,nayan0thakkar018
hitesh0toff,lakhan0khandelwal1
hitesh0toff,jay0jain0773
hitesh0toff,pratikzare
hitesh0toff,khushboo0jain094
hitesh0toff,pratik0chandarana039
hitesh0toff,varun0kanade07
hitesh0toff,rajesh0karmakar0777
hitesh0toff,kunal0khade094
hitesh0toff,benjamin0singhh
hitesh0toff,rushab0karani
hitesh0toff,nilesh0vispute090
hitesh0toff,sushant0satle05
hitesh0toff,gauri0dongre0315
hitesh0toff,swapnil0cs0ghangale
hitesh0toff,mohika0gadre
hitesh0toff,vinit0sathe
hitesh0toff,mihir0kurdekar
hitesh0toff,anagha0ambre
hitesh0toff,swapnil0cool0399
hitesh0toff,tushar0topale
hitesh0toff,anand0poddar0146
hitesh0toff,chaitzy
hitesh0toff,rishi0vakharia
hitesh0toff,KaustubhSN
hitesh0toff,saurabh0sonak
hitesh0toff,saurabh0date07
hitesh0toff,akshay0konde098
hitesh0toff,HrushiDinkar15
hitesh0toff,varad0kaprekar
hitesh0toff,harshad0kulkarni0961
hitesh0toff,rajas0thakur05
hitesh0toff,vishvesh0mestry
hitesh0toff,priyankahursale3
hitesh0toff,hereisnikhil0gore
hitesh0toff,dhaval0mody056
hitesh0toff,Heisenberg1010
hitesh0toff,prathamesh0dongre012
hitesh0toff,vrushali0sawant1
hitesh0toff,dhairya0haria
hitesh0toff,mahesh0bhill
hitesh0toff,vishakha0khairnar
hitesh0toff,priyank0thakkar0142
hitesh0toff,100002984540504
hitesh0toff,ganesh0sundvesa01
hitesh0toff,suyash0jadhav0792
hitesh0toff,gazanfar0patel
hitesh0toff,advait0ambeskar
hitesh0toff,shailendra0kelkar03
hitesh0toff,rishi0janjal
hitesh0toff,raj0dhaval1
hitesh0toff,deepali0buddhivant
hitesh0toff,ratnaparkhi0ajinkya
hitesh0toff,mahesh0dhake058
hitesh0toff,suraj0more0731
hitesh0toff,shiva0iyer0948
hitesh0toff,aditi0bairolu
hitesh0toff,wasiq2210
hitesh0toff,vedanti0deshpande05
hitesh0toff,100004252218280
hitesh0toff,harshal0kedar096
hitesh0toff,prashant0pingale0311
hitesh0toff,santosh0hasurkar
hitesh0toff,sagar051996
hitesh0toff,bhavna0reddy035
hitesh0toff,pratik0pednekar058
hitesh0toff,shahparth12345
hitesh0toff,utkarsh0joshi07
hitesh0toff,shubham0bhadoria01
hitesh0toff,shubham0tondlikar
hitesh0toff,samarth0joshi0927
hitesh0toff,priyanka0deshpande0526
hitesh0toff,sagar0saxena0908
hitesh0toff,manish0walopkar
hitesh0toff,jayesh0bhagyawant
hitesh0toff,shweta0garje07
hitesh0toff,Rakemali27
hitesh0toff,pulkit0bihani
hitesh0toff,100003686829217
hitesh0toff,100005117317058
hitesh0toff,EndOfAbhishek
hitesh0toff,siddhant0agarwal029
hitesh0toff,DhanwaniAmit
hitesh0toff,vedant0patil0904
hitesh0toff,100004464789826
hitesh0toff,sourabh0sharma077312
hitesh0toff,amey0malshe
hitesh0toff,100001238113101
hitesh0toff,mayur0pardeshi96
hitesh0toff,abhishek0ingale2
hitesh0toff,anushree7794
hitesh0toff,swarajsarang
hitesh0toff,rav0chaudhari
hitesh0toff,siddhesh0chavan0104
hitesh0toff,shubham0arawkar
hitesh0toff,tej0karambe
hitesh0toff,abhijit0patil0560
hitesh0toff,amit0mahendra077
hitesh0toff,sanket0kundle
hitesh0toff,ojas0karve
hitesh0toff,laukik0pashte
hitesh0toff,nishant0yesambare
hitesh0toff,surti0vinod
hitesh0toff,ardit0anam
hitesh0toff,saif0maldar
hitesh0toff,abhi0070kobi
hitesh0toff,rkajesh
hitesh0toff,vivek0wadegaonkar
hitesh0toff,namrata0dhumal005
hitesh0toff,akmmhatre2
hitesh0toff,sanket0nimbalkar07
hitesh0toff,gayatri0kashelkar07
hitesh0toff,swati0bhat05
hitesh0toff,dipuvedak
hitesh0toff,ajayubhare
hitesh0toff,sasmitphegade
hitesh0toff,ghamande0ishan
hitesh0toff,makrand0pingle
hitesh0toff,aakash0saxena2
hitesh0toff,aditya0sherkhane07
hitesh0toff,bhadoria878
hitesh0toff,rohit0girijan
hitesh0toff,varun0uttamani
hitesh0toff,ritesh0phadke
hitesh0toff,kunal0suratkar
hitesh0toff,kunal0kalyani09
hitesh0toff,jugal0jain05
hitesh0toff,rujuta0kulkarni071
hitesh0toff,vinay0raul
hitesh0toff,neha0kadam014473
hitesh0toff,sejal0natu
hitesh0toff,mhatresumedh24
hitesh0toff,Pawar0Anushri
hitesh0toff,rutuja0joshi0988
hitesh0toff,yashodhish0lohot
hitesh0toff,yash0mayekar
hitesh0toff,shubham0zope1
hitesh0toff,pankaj0goswami0125
hitesh0toff,roshan0surve018
hitesh0toff,CJ1769
hitesh0toff,chirag0chaudhari01654
hitesh0toff,sandesh0rathod0399
hitesh0toff,shabduli0kulkarni03
hitesh0toff,prachiandhalkar
hitesh0toff,poonam0patil054540
hitesh0toff,pravin0mulye
hitesh0toff,deepshree0apte
hitesh0toff,komal0gadodia
hitesh0toff,viraj0solke05
hitesh0toff,que0pasa0desconocido
hitesh0toff,shyamlee0patil
hitesh0toff,gludbe
hitesh0toff,vaikalpi0gharat07
hitesh0toff,rajivrajput091
hitesh0toff,axay0ghag
hitesh0toff,100002217938119
hitesh0toff,kalpeshraj0kubal
hitesh0toff,swati0ketkar
hitesh0toff,ajit0paradkar09
hitesh0toff,sagar0pawar052090008
hitesh0toff,anup0yerunkar
hitesh0toff,sampada4joshi
hitesh0toff,devendra0bhundere
hitesh0toff,shubham0chaudhari0779
hitesh0toff,surabhi0kocharekar09
hitesh0toff,siddhanth0shenoy
hitesh0toff,heramb0patil012
hitesh0toff,akshay0karne05
hitesh0toff,komal0bagwe09
hitesh0toff,rohan0more052643
hitesh0toff,avdhoot0datar
hitesh0toff,chaitzy
hitesh0toff,vivek0gupta03150
hitesh0toff,bhavna0reddy035
hitesh0toff,siddhesh0parte
hitesh0toff,ayush0hakmn
rashmistats,friendship/100010525484972/1479736841/
rashmistats,vijay0shankar03517
rashmistats,jyoti0bohara0560
rashmistats,tusharika0chandra
rashmistats,100003072921703
rashmistats,preeti0singh052831666
rashmistats,astha0ranjan
rashmistats,anindita0singh016
rashmistats,tripti0midha07
rashmistats,100000616364884
rashmistats,rashithoi0sanasam
rashmistats,mugdha0pandey09
rashmistats,Rhea0Shreyasi
rashmistats,anu0bhawana
rashmistats,neha0gautam77
rashmistats,aakrati0bhargava
rashmistats,raeha0anand
rashmistats,manasa0lokesh
rashmistats,manna0soumen011
rashmistats,rajeshngopali16485
rashmistats,dineshkumargarga
rashmistats,omprakash0mishra077964201
rashmistats,sanya0arora0520
rashmistats,robin0khatriX
rashmistats,jyoti0bala03745
rashmistats,mukesh0kumarmaurya0562
rashmistats,100006433001109
rashmistats,100013285806428
rashmistats,100013078818918
rashmistats,puspa0shah03
rashmistats,vineeta0smriti03
rashmistats,shruti0gangal09
rashmistats,pradeep0gaur0786
rashmistats,debika0datta
rashmistats,maitrayee0patar
rashmistats,khushboo0math
rashmistats,nandini0priyadarshini079
rashmistats,ratnpriya0singh09
rashmistats,ahanna0singh09
rashmistats,subhrata0das01
rashmistats,100006802068337
rashmistats,raavi0sharma0961
rashmistats,vajala0ravi
rashmistats,lnryana
rashmistats,rammurtiy1
rashmistats,mohdzafariitb
rashmistats,vijayageetanjali
rashmistats,subhashis0pal03
rashmistats,shakun0mishra20
rashmistats,100011389187023
rashmistats,ambrish0tiwari0104
rashmistats,pooja0p0bhardwaj
rashmistats,aburox
rashmistats,palak0kalra
rashmistats,Djomg18
rashmistats,palakkhanna9411
rashmistats,gaganpreet2504
rashmistats,neeti0tripathi07
rashmistats,amitdwivedirocks
rashmistats,aroshan4309
rashmistats,palak0bhatia079
rashmistats,karpeneha
rashmistats,swarnima0pandey0902
rashmistats,supriya0dangi
rashmistats,manisha0dhaka07
rashmistats,sinjini0sinha07
rashmistats,indu0pandey0509
rashmistats,barnali0deka018
rashmistats,100004092602278
rashmistats,gagan0kewalramani03
rashmistats,rakesh0kumar052035772
rashmistats,100005313558801
rashmistats,shubhamkwal
rashmistats,bhattacharyya0abhirup
rashmistats,shashi0tiwari0754
rashmistats,vikas0mishra09421450
rashmistats,100001750994256
rashmistats,ankit0bhardwaj0351
rashmistats,niraj0k0singh1
rashmistats,yakshali
rashmistats,mahi0ahuja0315
rashmistats,702236125
rashmistats,shiva0gupta0357284
rashmistats,iamshailendrasingh
rashmistats,sushil0keshari07
rashmistats,eric0massey0378
rashmistats,100004634867920
rashmistats,avadhootkhare
rashmistats,rohith0gandhi
rashmistats,vidushi0sukam
rashmistats,surabhi0saxena07509
rashmistats,vishaaldeo
rashmistats,nandini0s0goswami
rashmistats,hemanshul0garg
rashmistats,mandar0datar
rashmistats,santosh0sutar0100
rashmistats,santhosh0vijayan027feb81
rashmistats,malughanshyam
rashmistats,VIVEKbhau
rashmistats,deepika0mishra09461
rashmistats,100008625907070
rashmistats,ramsanehi0tiwari
rashmistats,anand0shukla01257
rashmistats,suchitra0mishra03158
rashmistats,prafulla0swain07
rashmistats,anshum0kansal
rashmistats,shreya0taneja0773
rashmistats,gargjaikant
rashmistats,100010251135551
rashmistats,mridulksingh
rashmistats,mahendrakumar0verma077
rashmistats,jyoti0gupta033046736
rashmistats,AdityNagori
rashmistats,100002123031629
rashmistats,joyeeta0sinha03
rashmistats,seema0thakur0777
rashmistats,ashima0bansal1509
rashmistats,gauravsubodh
rashmistats,ayush0hakmn
rashmistats,nicy0kizhakekara
rashmistats,gauri0dixit07
rashmistats,saman0mishra
rashmistats,100004712012867
rashmistats,abhilasha0mishra0129
rashmistats,alok0mishra09828456
rashmistats,vaishali0mishra0501
rashmistats,swatipandey26
rashmistats,arvindmzu
rashmistats,vijay0pandey071653318
rashmistats,shailaja0sethi
rashmistats,DuaAbhi
rashmistats,arti0gupta0718
rashmistats,100009717376690
rashmistats,yajuvendra0singh096
rashmistats,priya0darshani2
rashmistats,ritika0jha054
rashmistats,100010182139165
rashmistats,akanksha0negi079
rashmistats,100002526650477
rashmistats,pradeep0vishwakarma05872
rashmistats,krishnamoorthy0iyer058
rashmistats,rampraweshsingh0gautam
rashmistats,abhishek0tiwari07503
rashmistats,sulekha0shukla0712
rashmistats,pratima0pandey096
rashmistats,100006098297751
rashmistats,awadhesh0pandey0982
rashmistats,send2vaibhavmishraa
rashmistats,confidentram
rashmistats,kanika0verma0984
rashmistats,ranjita0pandey0313
rashmistats,atul0tiwari054
rashmistats,kalyani0tripathi05
rashmistats,juhee0chhabaria
rashmistats,neerabansaladu
rashmistats,100007502507564
rashmistats,ashok0mishra0395
rashmistats,dinesh0mishra0906638
rashmistats,100005516886815
rashmistats,shivam0iss
rashmistats,manish0tripathi073997
rashmistats,abhishekumrawal
rashmistats,arvind0shrivastava0796
rashmistats,charanjit0kaur09237
rashmistats,ashutosh1369
rashmistats,100009616372610
rashmistats,shivangi0pandey056211
rashmistats,dhruv0kashyap0921
rashmistats,shashikant0kushwaha058
rashmistats,anupam0pathak3
rashmistats,ravindra0iitk
rashmistats,vivekkumar0upadhyay0980
rashmistats,piyush0tiwari07906
rashmistats,niharika0pandey0167
rashmistats,ratneshp
rashmistats,Munesh1986
rashmistats,ilovejadu
rashmistats,ram0pratappal01
rashmistats,prabhanjan0pratapsingh
rashmistats,vish0iitd
rashmistats,maneesh0dubey035
rashmistats,suchita0guptakesarwani
rashmistats,nitin0jaiswal10
rashmistats,pulkit0srivastava1
rashmistats,seriousarvind
rashmistats,sheeba0sekharan
rashmistats,puspa0shah03
rashmistats,100010845407376
rashmistats,satish0garg01447
rashmistats,sneha0roy07
rashmistats,vineeta0smriti03
rashmistats,poorva0hendre
rashmistats,juhee0chhabaria
rashmistats,adarsh0tiwari
rashmistats,swarnima0pandey0902
rashmistats,pinkirani0shah
rashmistats,anu0bhawana
rashmistats,preeti0singh052831666
rashmistats,palakkhanna9411
rashmistats,gaganpreet2504
rashmistats,mridulksingh
rashmistats,astha0ranjan
sushant0padhy056,abhishek0yadav0948
sushant0padhy056,sandeep4vnit
sushant0padhy056,singhsonu345
sushant0padhy056,ashishiitb2013
sushant0padhy056,100008988245715
sushant0padhy056,dharmendra0shukla090
sushant0padhy056,nilesh0rasam01
sushant0padhy056,vivaswan0hebalkar
sushant0padhy056,sanjay0badiger09
sushant0padhy056,rjcollege/
sushant0padhy056,jyoti0padhi018
sushant0padhy056,trapped0in0loop
sushant0padhy056,anita0gaikwad
sushant0padhy056,kiran0shirsat09693
sushant0padhy056,sachin0jaiswal054
sushant0padhy056,akhil0pillai
sushant0padhy056,hemant0parashar0376
sushant0padhy056,digvijay0ryadav
sushant0padhy056,neeraj0panwar05249
sushant0padhy056,iitpowai/
sushant0padhy056,ala0khan054
sushant0padhy056,vishal0pitale052
sushant0padhy056,jigarbvn
sushant0padhy056,punyamurty0khristodas
sushant0padhy056,730447814
sushant0padhy056,Hardik0lalan
sushant0padhy056,dristi0goenka
sushant0padhy056,punit0mangal033
sushant0padhy056,madhuri0kad01
sushant0padhy056,gopal0kambli033
sushant0padhy056,sourabh0upadhyay0188
sushant0padhy056,100001530622715
sushant0padhy056,sudhir0panigrahi037
sushant0padhy056,100006937215687
sushant0padhy056,bhavana0syontri
sushant0padhy056,richie0fredicson
sushant0padhy056,anurag0r0tripathi
sushant0padhy056,yogeendra0maravante
sushant0padhy056,anup0chandran05
sushant0padhy056,manoj0kushwaha0560
sushant0padhy056,luckylove001
sushant0padhy056,aawessh0teewary
sushant0padhy056,bhuvanesh0rawal
sushant0padhy056,harshad0supal
sushant0padhy056,krishnapalsingh0chouhan031
sushant0padhy056,momin0humam05
sushant0padhy056,vaibhav0parkhe01
sushant0padhy056,mandar0datar
sushant0padhy056,kishore0aswani039
sushant0padhy056,delsey0panokaran
sushant0padhy056,richard0perry03760430
sushant0padhy056,sneha0tandra
sushant0padhy056,raikwarsunil21
sushant0padhy056,sonu0gupta09803
sushant0padhy056,mahesh0shirsat050
sushant0padhy056,dheeraj0saliyan
sushant0padhy056,vinod0grandhi
sushant0padhy056,agasti0jyoti
sushant0padhy056,aditya0panikker
sushant0padhy056,albin0thomas010
sushant0padhy056,aryan0kumar05815
sushant0padhy056,100004380489444
sushant0padhy056,nikhil0gadawe
sushant0padhy056,shailesh0pawar01848
sushant0padhy056,pushparaj0nadar
sushant0padhy056,narayan0gavde
sushant0padhy056,surajdabhade556
sushant0padhy056,chander0prakash09047
sushant0padhy056,snehasis0biswas03
sushant0padhy056,kapil0surve031
sushant0padhy056,jaiprakash0singh03363
sushant0padhy056,ckjat
sushant0padhy056,kgbhatwadekar
sushant0padhy056,hemant50505
sushant0padhy056,gagan0kewalramani03
sushant0padhy056,omkar0kote071
sushant0padhy056,91ashu67
sushant0padhy056,ashish0mann01990
sushant0padhy056,dashrath0mhadlekar01
sushant0padhy056,ashwin0arjunan
sushant0padhy056,madhura0sawant01884
sushant0padhy056,minal0sarode05
sushant0padhy056,bdm1710
sushant0padhy056,kishan0nishad014
sushant0padhy056,shirley0pillai01
sushant0padhy056,amol0yadav0583
sushant0padhy056,punit0shrivastav09
sushant0padhy056,100009283422420
sushant0padhy056,pramod0pasi075
sushant0padhy056,priyanka0lalwani0718
sushant0padhy056,girish0kunjir07
sushant0padhy056,naina0rawat26
sushant0padhy056,100002318084336
sushant0padhy056,sagarmore0
sushant0padhy056,sonu0gupta09803
sushant0padhy056,narayan0gavde
sushant0padhy056,kzkishan
sushant0padhy056,JADHAVSANIL
sushant0padhy056,madhuri0kad01
sushant0padhy056,rinkucena
sushant0padhy056,ashishiitb2013
sushant0padhy056,dharmendra0shukla090
sushant0padhy056,sagarbadhe1989
sushant0padhy056,nikhil0sawal
sushant0padhy056,punyamurty0khristodas
sushant0padhy056,kiran0shirsat09693
sushant0padhy056,kapil0surve031
sushant0padhy056,ramesh0palande073
sushant0padhy056,vishvendra0punia
sushant0padhy056,vaibhav0parkhe01
sushant0padhy056,shruti0mishra03386
sushant0padhy056,vivek0chaudhari22
sushant0padhy056,sidhesh0kudalkar
sushant0padhy056,akash0salian09
sushant0padhy056,joy0pal09
sushant0padhy056,ashish0mann01990
sushant0padhy056,aditya0pandey079230
sushant0padhy056,manoj0kushwaha0560
sushant0padhy056,Amarthya0p
sushant0padhy056,AshishPadhy0705
sushant0padhy056,pushparaj0nadar
sushant0padhy056,omkar0kote071
sushant0padhy056,pallav0ranjan03
sushant0padhy056,momin0humam05
sushant0padhy056,purva0jamsandekar
sushant0padhy056,mahesh0shirsat050
sushant0padhy056,sanjay0badiger09
sushant0padhy056,rojinva
sushant0padhy056,vijaykumar0kanojiya
sushant0padhy056,Ganesh929
sushant0padhy056,milindghag13
sushant0padhy056,vinod0grandhi
sushant0padhy056,deepa0panicker05
sushant0padhy056,krishna0jith079
sushant0padhy056,sandeep4vnit
sushant0padhy056,om0s0kashyap
sushant0padhy056,vishal0ingle0902
sushant0padhy056,100003228996091
sushant0padhy056,itsnibir
sushant0padhy056,hemant50505
sushant0padhy056,anup0chandran05
sushant0padhy056,chander0prakash09047
sushant0padhy056,pintuganeshkarmakar
sushant0padhy056,punit0mangal033
sushant0padhy056,mestrygaurav
sushant0padhy056,shaan0negi3
sushant0padhy056,sharanya0nair073
sushant0padhy056,lnryana
sushant0padhy056,1609615484
sushant0padhy056,vinay0kaisar
sushant0padhy056,goma0kc075
sushant0padhy056,shukhpal0rathore
sushant0padhy056,ritu0yadav014811
sushant0padhy056,varsha0mishra09277
sushant0padhy056,albin0thomas010
sushant0padhy056,SANDEEP0M0007
sushant0padhy056,swati0nalwade07
sushant0padhy056,rupesh0wakkar
sushant0padhy056,sharmaishant92
sushant0padhy056,sagarmore0
sushant0padhy056,deepak0dwivedi0758
sushant0padhy056,sonawale1
sushant0padhy056,100002318084336
sushant0padhy056,91ashu67
sushant0padhy056,Hardik0lalan
sushant0padhy056,mdubey86
sushant0padhy056,snehasis0biswas03
sushant0padhy056,senthil0loverboy
sushant0padhy056,sumit0pingale09
sushant0padhy056,babita0nishad
sushant0padhy056,pramod0pasi075
sushant0padhy056,saumyajit0mohanty
sushant0padhy056,mandar0datar
sushant0padhy056,gagan0kewalramani03
sushant0padhy056,dhanashree0parulekar054
sushant0padhy056,sachin0gawde2
sushant0padhy056,vickyagashe26
sushant0padhy056,surajdabhade556
sushant0padhy056,Jivipooj
sushant0padhy056,sandip0mungekar07
sushant0padhy056,sourabh0upadhyay0188
sushant0padhy056,100017541811361
sushant0padhy056,aniketh0sreenivasan
sushant0padhy056,debanjan0sannigrahi
sushant0padhy056,vaibhav0gupta037017794
sushant0padhy056,akhil0pillai
sushant0padhy056,durgesh0nadar89
sushant0padhy056,raikwarsunil21
sushant0padhy056,dashrath0mhadlekar01
sushant0padhy056,yogeendra0maravante
sushant0padhy056,100006937215687
sushant0padhy056,jigarbvn
sushant0padhy056,madhura0sawant01884
sushant0padhy056,krishnapalsingh0chouhan031
sushant0padhy056,aRON3590
sushant0padhy056,amitha0gopi
sushant0padhy056,nilesh0rasam01
sushant0padhy056,vishal0pitale052
sushant0padhy056,anamika0tiwari05688
sushant0padhy056,ketan0vickynaik
sushant0padhy056,100000271078667
sushant0padhy056,sneha0savant033
sushant0padhy056,sachin0jaiswal054
sushant0padhy056,jyoti0padhi018
sushant0padhy056,hemant0parashar0376
vishvendra0punia,arpit0dahiya03
vishvendra0punia,anshulsainirockz
vishvendra0punia,himanshu0punia0927
vishvendra0punia,amit0mandhan052
vishvendra0punia,TYAGIIHANI
vishvendra0punia,sraa4
vishvendra0punia,choudharyabhishek0jaat07
vishvendra0punia,chaudharyrahul0mandhan
vishvendra0punia,vikas0choudhary03998
vishvendra0punia,ankush0parjapati012
vishvendra0punia,ravi0puniya0587
vishvendra0punia,arun0punia0737
vishvendra0punia,yogendrakumar0saini03
vishvendra0punia,ankur0saini05832
vishvendra0punia,bhaskar0saini0121
vishvendra0punia,ritesh0dhiman0758
vishvendra0punia,anant0puniya
vishvendra0punia,dinesh0upadhyay0775
vishvendra0punia,rahulpunia0punia03
vishvendra0punia,sourabh0dhangar
vishvendra0punia,jatt0rohitmandhan
vishvendra0punia,ujjaval0sharma
vishvendra0punia,anuj0mandhan03
vishvendra0punia,100006743446065
vishvendra0punia,himanshu0puniya035
vishvendra0punia,pushprajrathour
vishvendra0punia,100004569931723
vishvendra0punia,prince0tyagi0311
vishvendra0punia,lalit0punia077
vishvendra0punia,gaurav0mandhan
vishvendra0punia,harishmiet
vishvendra0punia,Rishabhtyagi0
vishvendra0punia,mohit0mandhan0980
vishvendra0punia,kuldeep0saini077770194
vishvendra0punia,bhaishivam0dhiman
vishvendra0punia,100008040160008
vishvendra0punia,100008254772008
vishvendra0punia,vishal0panwar0359
vishvendra0punia,prince0puniya03
vishvendra0punia,shivam0puniya090
vishvendra0punia,veer0upadhyay094
vishvendra0punia,jattashishpuniyap
vishvendra0punia,100008715219045
vishvendra0punia,amar0arya07792
vishvendra0punia,choudharyashish0puniya
vishvendra0punia,choudharypankaj0jaat05
vishvendra0punia,ravi0parkash05268
vishvendra0punia,sumit0punia075
vishvendra0punia,bahanu0choudhary
vishvendra0punia,manish0mandhan0507
vishvendra0punia,100004739265902
vishvendra0punia,ashthachoudhary0ror
vishvendra0punia,uttam0puniya1
vishvendra0punia,ravi0puniya075
vishvendra0punia,amarpunia94
vishvendra0punia,100015282577516
vishvendra0punia,garima0punia039
vishvendra0punia,komal0punia0581
vishvendra0punia,sohan0tyagi012
vishvendra0punia,anuj0puniya0169
vishvendra0punia,aditya0sharma073113
vishvendra0punia,andaaz0dahiya09
vishvendra0punia,sunny0phogat0921
vishvendra0punia,sandeepy1996
vishvendra0punia,100009129632257
vishvendra0punia,100018892393701
vishvendra0punia,abhishek0khatri0921
vishvendra0punia,ashishiitb2013
vishvendra0punia,kapil0chaudhary098622733
vishvendra0punia,Kr0SagarGolu4
vishvendra0punia,aakashgautam99
vishvendra0punia,100014950600970
vishvendra0punia,satyam0arora039
vishvendra0punia,vikas0swami071697
vishvendra0punia,100004893759570
vishvendra0punia,100018765576472
vishvendra0punia,diljiit0grewal
vishvendra0punia,sumit0dahiya012139
vishvendra0punia,100002908840679
vishvendra0punia,100015784396701
vishvendra0punia,elester0vicky
vishvendra0punia,100009113397241
vishvendra0punia,arjun0mandhan
vishvendra0punia,nonu0verma012
vishvendra0punia,manish0panwar0792303
vishvendra0punia,shailaja0mishra007
vishvendra0punia,nazmul0hussain0982
vishvendra0punia,100003294053657
vishvendra0punia,amit0gill012576
vishvendra0punia,shivrajc2
vishvendra0punia,100014339687422
vishvendra0punia,bhavnamehrotra
vishvendra0punia,maansharma431
vishvendra0punia,jai0choudhary0188
vishvendra0punia,100004403838855
vishvendra0punia,rinku0antil01614
vishvendra0punia,pawan0dahiya0332345
vishvendra0punia,ashish0tomer0520
vishvendra0punia,123SunNy
vishvendra0punia,100008104548321
vishvendra0punia,shantanu0thakurkanshipur
vishvendra0punia,parshant0tyagi07921
vishvendra0punia,sachin0panwar03551380
vishvendra0punia,rishabh0choudhary09484
vishvendra0punia,nivesh0chanderia
vishvendra0punia,chandrashekhar0sisodiya098
vishvendra0punia,reena0sindhu031
vishvendra0punia,100004378180492
vishvendra0punia,ritik0tomar014
vishvendra0punia,dhirajmani0pokhriyal
vishvendra0punia,spinder0kaur0507
vishvendra0punia,sanjeev0dhaka07
vishvendra0punia,anujjjkumar01
vishvendra0punia,vishant0chaudhary058
vishvendra0punia,radhika0chaudhary07399
vishvendra0punia,100004962304455
vishvendra0punia,hitsbk
vishvendra0punia,bairag0yadav01
vishvendra0punia,ankit0antil075470
vishvendra0punia,100003595761844
vishvendra0punia,vinay5150
vishvendra0punia,jassi0panwar0501
vishvendra0punia,monu0malik037604
vishvendra0punia,nivedita0daddi
vishvendra0punia,100006639933725
vishvendra0punia,shubham0saini01481
vishvendra0punia,sourav0maan098
vishvendra0punia,rishab0sansarwal
vishvendra0punia,nikku0panwar096
vishvendra0punia,dahiya0amit0562
vishvendra0punia,Sohamkavathekar
vishvendra0punia,chavinash0malik
vishvendra0punia,agastya0nain
vishvendra0punia,1312ankitb
vishvendra0punia,100003201656843
vishvendra0punia,kunal0malik03110
vishvendra0punia,sahil0chhikara035
vishvendra0punia,100010944665702
vishvendra0punia,bhanu0p0singh0338
vishvendra0punia,shruti0panwar09619
vishvendra0punia,sarthak0chaudhary05439087
vishvendra0punia,vishant0panwar075
vishvendra0punia,khanmei0golmei
vishvendra0punia,pradeep0dahiya058726
vishvendra0punia,100009188844673
vishvendra0punia,monupandit261
vishvendra0punia,chinu0chaudhary09
vishvendra0punia,ashu0nain03
vishvendra0punia,shambhavi0mishra07140
vishvendra0punia,seemant0rohila07
vishvendra0punia,amrit0choudhary0545
vishvendra0punia,nishupandit0pandit07
vishvendra0punia,pawan0dahiya0798278
vishvendra0punia,100010949316299
vishvendra0punia,sumit0dahiya054584982
vishvendra0punia,pratik0sharma012576
vishvendra0punia,ChoudharyArun318
vishvendra0punia,100016856328509
vishvendra0punia,harshdahiya785
vishvendra0punia,nitinsingh29feb
vishvendra0punia,Baddy143
vishvendra0punia,100006312829044
vishvendra0punia,100006446795184
vishvendra0punia,100007090489279
vishvendra0punia,avnish0malik05
vishvendra0punia,raja0jaat05811
vishvendra0punia,100007810803738
vishvendra0punia,100011101543469
vishvendra0punia,sachin0chauhan0180
vishvendra0punia,vichitr0chouhan
vishvendra0punia,rmn0dahiya
vishvendra0punia,happy0chaudhary05686
vishvendra0punia,100010283026480
vishvendra0punia,nishkarsh0tomar03
vishvendra0punia,sagar0tomar07982
vishvendra0punia,divya0panwar03597
vishvendra0punia,100005659909267
vishvendra0punia,sunny0dahiya03194524
vishvendra0punia,chaudhary0lakshaya
vishvendra0punia,vickyrana0vickyrana079
vishvendra0punia,nohna0ror
vishvendra0punia,akhilesh0sagwal
vishvendra0punia,91ashu67
vishvendra0punia,santoshjoshi102
vishvendra0punia,100005520675332
vishvendra0punia,100009390213763
vishvendra0punia,ajay0dahiya0969952
vishvendra0punia,neelan0tomar07
vishvendra0punia,deepak0mandouthiya
vishvendra0punia,gourav0choudhary0714
vishvendra0punia,manthan0panwar054
vishvendra0punia,ankit0madhan09
vishvendra0punia,kuldeeppanwar0panwar0583
vishvendra0punia,stuning0yadav
vishvendra0punia,pandharipande0pm
vishvendra0punia,happy0vishnu031
vishvendra0punia,100008158784643
vishvendra0punia,vipin0dahiya01441
vishvendra0punia,100022607511203
vishvendra0punia,manik0jalali07
vishvendra0punia,100004176466472
vishvendra0punia,priyanka0kavathekar075
vishvendra0punia,badal0goyat09
vishvendra0punia,100006094924410
vishvendra0punia,deva0solanki05
vishvendra0punia,100007220222312
vishvendra0punia,vivek0malik09212301
vishvendra0punia,mandar0datar
vishvendra0punia,100009414631184
vishvendra0punia,kartik0ror0779
vishvendra0punia,nishant0panwar01428
vishvendra0punia,sonu0dhounchak2
vishvendra0punia,100003830078521
vishvendra0punia,vnyk0aru
vishvendra0punia,100016344707792
vishvendra0punia,abhiudayaparihar
vishvendra0punia,kapil0antil0526
vishvendra0punia,hansraj0thakur096930
vishvendra0punia,vineet0panwar0395
vishvendra0punia,jatt0parikshit
vishvendra0punia,100008880919489
vishvendra0punia,arjun0kalkhanday09
vishvendra0punia,akshay0panwar0908579
vishvendra0punia,rahul0mittalft01
vishvendra0punia,ajay0saini0902266
vishvendra0punia,chaudharyjaat0tikroul
vishvendra0punia,100005724541903
vishvendra0punia,ranjeet0soni0794628
vishvendra0punia,vikrantmandhan0001
vishvendra0punia,sachin0dahiya0902
vishvendra0punia,abhi0pilania096
vishvendra0punia,100008254772008
vishvendra0punia,ajay0malik0925059
vishvendra0punia,vinit0choudhary09480
vishvendra0punia,manish0manishjaat
vishvendra0punia,snjgurjar
vishvendra0punia,tejaswini0belle07
vishvendra0punia,jonisaini04
vishvendra0punia,akshay0saini075
vishvendra0punia,sunny0dahiya079677
vishvendra0punia,dsranaksic
vishvendra0punia,Rishabhtyagi0
vishvendra0punia,100005621199515
vishvendra0punia,rustam0singh03597
vishvendra0punia,YASH0JAAT02001
vishvendra0punia,rakesh0k0singh0777363
vishvendra0punia,100013556673567
vishvendra0punia,vishu0mahla1
vishvendra0punia,sanjeev0111
vishvendra0punia,sunil0thakur077582359
vishvendra0punia,renu0malik03914
vishvendra0punia,upendra0jawla016
vishvendra0punia,jatt0panwar
vishvendra0punia,anup0walia050
vishvendra0punia,desi0jaatdeewana
vishvendra0punia,kritesh0kohli
vishvendra0punia,nicole0demarch
vishvendra0punia,ranashab0rana094
vishvendra0punia,shrikant0bacchal098
vishvendra0punia,chaudharyrahul0mandhan
vishvendra0punia,anuj0khatiyan03
vishvendra0punia,pankaj0kashyap054738
vishvendra0punia,spunky0mohit
vishvendra0punia,uday0veer07796
vishvendra0punia,alok0upadhyay05661
vishvendra0punia,sagar0panwar0376043
vishvendra0punia,amar0d0jaat
vishvendra0punia,ajaykumarmda
vishvendra0punia,krish0shivkumar
vishvendra0punia,100007398617516
vishvendra0punia,100009700985241
vishvendra0punia,choudharysourabh0ror035
vishvendra0punia,100007475644385
vishvendra0punia,kapil0surve031
vishvendra0punia,rohit0duhan050159
vishvendra0punia,ankit0jat031586526
vishvendra0punia,yanky0jaat014
vishvendra0punia,amit0gulagi
vishvendra0punia,vishvendra0punia
vishvendra0punia,ashukaliramna
vishvendra0punia,arjunshalu0gujjar
vishvendra0punia,100016575814654
vishvendra0punia,tushar0jaat03363
vishvendra0punia,gowtham0tadimalla
vishvendra0punia,ankur0jaiwal05
vishvendra0punia,jayant0khokhar0017
vishvendra0punia,vikash0giri0526
vishvendra0punia,manu0rajabhai
vishvendra0punia,OO7kumar0vijay
vishvendra0punia,kuldeep0saini079656
vishvendra0punia,mohit0chaudhary0549221
vishvendra0punia,Ravenra8maurya
vishvendra0punia,ankit0chahal03950
vishvendra0punia,aashish0laller
vishvendra0punia,100007187838150
vishvendra0punia,bajajpardeep
vishvendra0punia,vipin0sheoran0169
vishvendra0punia,dushyant0dagar0902
vishvendra0punia,sumit0gahlyan010
vishvendra0punia,arjun20120sanyal
vishvendra0punia,vinay0rana039948856
vishvendra0punia,sahabsingh0parjapat
vishvendra0punia,tomar0yash03
vishvendra0punia,pritikumari0anu
vishvendra0punia,100008073185922
vishvendra0punia,msaharawat
vishvendra0punia,riya0poonia05496
vishvendra0punia,akash010dhuria
vishvendra0punia,100008011570456
vishvendra0punia,dangerousman843
vishvendra0punia,mehulror0ror03
vishvendra0punia,100006572970367
vishvendra0punia,100022116587865
vishvendra0punia,rajeev0pundir016940
vishvendra0punia,mathsajay
vishvendra0punia,amit0panwar09237
vishvendra0punia,dilip0kurapati
vishvendra0punia,pankaj0dhiman098096721
vishvendra0punia,100006592385104
vishvendra0punia,pranav0pathak098434
vishvendra0punia,choudharykartik0panwar079
vishvendra0punia,bharath0veera05
vishvendra0punia,100011676059276
vishvendra0punia,khushilkatu14
vishvendra0punia,ankit0trar037
vishvendra0punia,sudhir0choudhary0925059
vishvendra0punia,100009496972198
vishvendra0punia,kapil291196
vishvendra0punia,smart0monu0737
vishvendra0punia,baskrons
vishvendra0punia,abhinav0dahiya031
vishvendra0punia,kapil0rajora0900
vishvendra0punia,100021594547431
vishvendra0punia,vikas0tomar098229
vishvendra0punia,deepankar0chaudhary0980
vishvendra0punia,100005653598847
vishvendra0punia,100001530622715
vishvendra0punia,anuj0chauhan0507464
vishvendra0punia,neerajdahiya0sisana
vishvendra0punia,vikaspandey2008
vishvendra0punia,nitin0tushyer
vishvendra0punia,SharmaNaveen0Official
vishvendra0punia,sachin0dahiya03557440
vishvendra0punia,deepak0panwar094009
vishvendra0punia,kapil0dahiya039
vishvendra0punia,govardhan0bhat
vishvendra0punia,kartik0puniya07
vishvendra0punia,christie0m0james05
vishvendra0punia,abhika0dahiya077
vishvendra0punia,100021656509786
vishvendra0punia,amey0luktuke1
vishvendra0punia,sandeep0adhana0908
vishvendra0punia,sagar0bhavani0505
vishvendra0punia,100005085450165
vishvendra0punia,100013919645170
vishvendra0punia,pppshukla
vishvendra0punia,shubham0shukla0923
vishvendra0punia,anugrah0nagaich
vishvendra0punia,abhinav0panwar05
vishvendra0punia,bairag0yadav
vishvendra0punia,manishchoudhary0jaat037
vishvendra0punia,shantnu0thakur0568
vishvendra0punia,vinay0nain09
vishvendra0punia,shivam0trivedi0716
vishvendra0punia,100007810068464
vishvendra0punia,akash0panwar0165
vishvendra0punia,sonu0kabir012
vishvendra0punia,yashuRj13
vishvendra0punia,100007714487870
vishvendra0punia,ankur0rathi09809
vishvendra0punia,100015911621107
vishvendra0punia,aayan0tomar07
vishvendra0punia,100010868206961
vishvendra0punia,100022242061104
vishvendra0punia,poonam0manish016
vishvendra0punia,aman0dahiya07509
vishvendra0punia,sushma0misra0581
vishvendra0punia,raj0krishnarana
vishvendra0punia,vicky0malik0315865
vishvendra0punia,vishal0khairnar0980
vishvendra0punia,gagan0kewalramani03
vishvendra0punia,anuunna
vishvendra0punia,aniruddh0desai01
vishvendra0punia,nikhil0choudhary05811877
vishvendra0punia,akki0don0545
vishvendra0punia,tarunmalik0tarunmalik090
vishvendra0punia,harshit0choudhary0315428
vishvendra0punia,lalityaduvanshi0yaduvanshi
vishvendra0punia,thebisht0ami
vishvendra0punia,vindhyawasini0prasad
vishvendra0punia,rahul0hack01
vishvendra0punia,jaat0rahul0311
vishvendra0punia,100008046396665
vishvendra0punia,nitesh0dahiyabadsah
vishvendra0punia,100017471340625
vishvendra0punia,vikash0panchal05682944
vishvendra0punia,ankitsingh0puniya
vishvendra0punia,vaibhav0gupta037017794
vishvendra0punia,100003993279685
vishvendra0punia,abhishek0jagshettiwar
vishvendra0punia,ridhyma1
vishvendra0punia,kamran0naseem0961
vishvendra0punia,chandarkant0dahiya
vishvendra0punia,sumit0choudhary0923
vishvendra0punia,basant0rajput0165
vishvendra0punia,choudhary0mukeshjaat05
vishvendra0punia,ppppshukla
vishvendra0punia,100008226043285
vishvendra0punia,sahil0sansarwal098
vishvendra0punia,100004302499418
vishvendra0punia,pooja0nandargi
vishvendra0punia,vishesh0kundu0581
vishvendra0punia,ganesh0mishra018007218
vishvendra0punia,100021865563053
vishvendra0punia,saurav0jhunjhunwala05
vishvendra0punia,arunkumar0kumar07106
vishvendra0punia,surender0japlot054
vishvendra0punia,100002102288814
vishvendra0punia,autoshi0chatterjee
vishvendra0punia,dahiya0dahiya0330
vishvendra0punia,sunilsre3167
vishvendra0punia,subhash0chaudhary0169405
vishvendra0punia,garimapanwar21
vishvendra0punia,100012103508577
vishvendra0punia,shivam0jawla010
vishvendra0punia,100008757527739
vishvendra0punia,100021820156458
vishvendra0punia,100009664845098
vishvendra0punia,100013971545790
vishvendra0punia,anuj0solanki0908
vishvendra0punia,thakur0viresh
vishvendra0punia,lalit0ch07
vishvendra0punia,tarun0gangwar
vishvendra0punia,adityadikshit90
vishvendra0punia,aditya0dhiman0144
vishvendra0punia,100009825815829
vishvendra0punia,amitpanwar0choudhary09
vishvendra0punia,Shubhambhadauria24
vishvendra0punia,sachin0upadhyay8
vishvendra0punia,100006654197457
vishvendra0punia,Devkant0Trigunayat
vishvendra0punia,100010788493651
vishvendra0punia,sahil0dahiya092102
vishvendra0punia,vinay0mehta03382
vishvendra0punia,sainiboy83
vishvendra0punia,100004427285038
vishvendra0punia,anil0mandhan0353
vishvendra0punia,sachin0ruhela056
vishvendra0punia,ankit0dahiya09655
vishvendra0punia,ankur0deol056
vishvendra0punia,100006434601567
vishvendra0punia,sateranks0sater
vishvendra0punia,atul0walia05661
vishvendra0punia,suvarna0tiwari05
vishvendra0punia,siddharthatripathi123
vishvendra0punia,vinit0vinit03701
vishvendra0punia,saurabh0janapure
vishvendra0punia,sushant0puniya09
vishvendra0punia,100006689370717
vishvendra0punia,rahul0bhati050364
vishvendra0punia,100004266107240
vishvendra0punia,advmanish1979
vishvendra0punia,narnaram0chaudhary
vishvendra0punia,sunny0maan018
vishvendra0punia,amit0khudana
vishvendra0punia,vaibhav0chhokkar
vishvendra0punia,vimal0negi0980
vishvendra0punia,100008484437086
vishvendra0punia,549948573
vishvendra0punia,vikkybaliyan0baliyan
vishvendra0punia,mredul0sarda
vishvendra0punia,100014314035116
vishvendra0punia,100005010521492
vishvendra0punia,mandar0kulkarni0334491
vishvendra0punia,100010586385516
vishvendra0punia,100008260445812
vishvendra0punia,100015762030531
vishvendra0punia,100010379492196
vishvendra0punia,ankit0gupta03762
vishvendra0punia,100022574383229
vishvendra0punia,prince0tyagi0737448
vishvendra0punia,lakshay0dhariwal052
vishvendra0punia,ruchi0dhaka03
vishvendra0punia,panwar0vishal03
vishvendra0punia,sanchit0sharma01690671
vishvendra0punia,pardeep0jangra05494
vishvendra0punia,chintanckg
vishvendra0punia,parth0mahajan0144
vishvendra0punia,pallav0ranjan03
vishvendra0punia,goutam0kumar0376695
vishvendra0punia,dwivedisaumitra
vishvendra0punia,100004469053092
vishvendra0punia,siddhu0gaur052
vishvendra0punia,anshul0choudhary09279
vishvendra0punia,anand0more1
vishvendra0punia,100004996871977
vishvendra0punia,100012311529413
vishvendra0punia,mayur0bargale
vishvendra0punia,abhayrana0hani
vishvendra0punia,100010470721627
vishvendra0punia,100006973037252
vishvendra0punia,vishal0nain05076
vishvendra0punia,ck0singh0583234
vishvendra0punia,vishesh0panwar03194
vishvendra0punia,akjhaa
vishvendra0punia,100007707499493
vishvendra0punia,srabantic
vishvendra0punia,akash0tomar09406417
vishvendra0punia,jyoti0verma012177276
vishvendra0punia,100011572991083
vishvendra0punia,parmap6
vishvendra0punia,parveshdahiya0chotu
vishvendra0punia,mani0chauhan3
vishvendra0punia,deepjot0hundal
vishvendra0punia,abhi0panwar010297
vishvendra0punia,om0s0kashyap
vishvendra0punia,akashkumarrajhar
vishvendra0punia,rajput0bsr
vishvendra0punia,vikash0rathee0501
vishvendra0punia,vishal0kapil016
vishvendra0punia,rajneesh0nain07
vishvendra0punia,akshay0kajgar09
vishvendra0punia,rao0danish05648
vishvendra0punia,100009311082493
vishvendra0punia,100008292559131
vishvendra0punia,anuj0choudhary03150807
vishvendra0punia,shekhar0baliyan0144
vishvendra0punia,akshay0lathwal033
vishvendra0punia,pratul0thakur098
vishvendra0punia,himanshu0rathore07771
vishvendra0punia,aditya0dagar05
vishvendra0punia,anuradha0praveenkumar05
vishvendra0punia,ravi0malik094043
vishvendra0punia,vivek0panwar0583671
vishvendra0punia,100011505817448
vishvendra0punia,amit0jawagle05
vishvendra0punia,guru0rathour03
vishvendra0punia,100007249661711
vishvendra0punia,prince0dagar0165
vishvendra0punia,choudharyanujbarsi0chookar
vishvendra0punia,shivam0kashyap092
vishvendra0punia,gulam0sarwar0453
vishvendra0punia,nitin0panwar0965
vishvendra0punia,100004521586570
vishvendra0punia,gaurav0som0372
vishvendra0punia,sovit0panwar014
vishvendra0punia,purushotam0singh0944
vishvendra0punia,sahil0dalal09693001
vishvendra0punia,satyam0singhjaat
vishvendra0punia,anuj0puniya0169
vishvendra0punia,mushtaq0a0khan012
vishvendra0punia,100007354027469
vishvendra0punia,naveen0lakra0754
vishvendra0punia,ankush0rathi0334
vishvendra0punia,kartik0sehrawat096
vishvendra0punia,sandeep0modi0503
vishvendra0punia,chaudharyvikas0sumraan
vishvendra0punia,sunny0dahiya07165331
vishvendra0punia,mohseen0mohseenchoudhary05
vishvendra0punia,lalit0sehgal0731
vishvendra0punia,100016297807235
vishvendra0punia,siashok0kumar016
vishvendra0punia,kartikeya0pandey039
vishvendra0punia,sachinbca
vishvendra0punia,rahankhan0rahankhan033821
vishvendra0punia,choudharybhim0singh05
vishvendra0punia,vivek0choudhary056829
vishvendra0punia,kartik0dhama0395
vishvendra0punia,amit0kadyan0129
vishvendra0punia,rawat0suraj0524
vishvendra0punia,vishal0panwar0359
vishvendra0punia,100007661020222
vishvendra0punia,nkd4095
vishvendra0punia,viru0chaudhary0564
vishvendra0punia,tony0jaat1
vishvendra0punia,100011700255766
vishvendra0punia,100009694896841
vishvendra0punia,manoj0jayant1
vishvendra0punia,swat0thakur95
vishvendra0punia,abhijeet0dwivedi
vishvendra0punia,manish0mandhan0507
vishvendra0punia,sunil0godara01297
vishvendra0punia,sauravbaliyan0baliyan
vishvendra0punia,arun0kakran075
vishvendra0punia,ashish0jaat090
vishvendra0punia,chinu0pandit039
vishvendra0punia,sarjunpaltomar0sarjun
vishvendra0punia,100022624386839
vishvendra0punia,100000279936899
vishvendra0punia,Shubham0sharma0192
vishvendra0punia,jerry0fereiro
vishvendra0punia,ankush0bhyan
vishvendra0punia,shekhar0shukla07359
vishvendra0punia,vipin0kapil
vishvendra0punia,vijayendra0singh052
vishvendra0punia,jitedahiya
vishvendra0punia,100014000344117
vishvendra0punia,manjeet0chaudhary01460
vishvendra0punia,shashisehwaggeek
vishvendra0punia,sushil0pandey079025648
vishvendra0punia,deepak0rathi0184007
vishvendra0punia,100005345231782
vishvendra0punia,mast0jaat075054
vishvendra0punia,lucky0boxer0773
vishvendra0punia,viki0hooda094
vishvendra0punia,munal0godiyal
vishvendra0punia,100008433150887
vishvendra0punia,ajit0singhpuniya
vishvendra0punia,adityapundir0gujjar
vishvendra0punia,akshay0chavan1
vishvendra0punia,needtherosh
vishvendra0punia,100002630205443
vishvendra0punia,gurmit0gujjar09
vishvendra0punia,shubham01637
vishvendra0punia,pramod0singh05817
vishvendra0punia,sumit0jaat0984
vishvendra0punia,aniket0kale0100
vishvendra0punia,100011261761821
vishvendra0punia,vipin0gujjar05264382
vishvendra0punia,pankaj0ps0397
vishvendra0punia,amit0gujjarshabh07
vishvendra0punia,kapil0randhawa077
vishvendra0punia,bangathia0jii01
vishvendra0punia,100014869417121
vishvendra0punia,shekhar0malik0796
vishvendra0punia,vishu0chaudhary092102
vishvendra0punia,100005168166567
vishvendra0punia,100016506703288
vishvendra0punia,arpit0dahiya03
vishvendra0punia,ankit0choudharyror
vishvendra0punia,100003823606517
vishvendra0punia,100021842414966
vishvendra0punia,aditya0panwar0963
vishvendra0punia,100011500532268
vishvendra0punia,pardeep0dahiya018488
vishvendra0punia,100006090660096
vishvendra0punia,jagbir0jaglan0505
vishvendra0punia,pankaj0rohila0376
vishvendra0punia,abhishek0yadav0948
vishvendra0punia,rinku0panwar0357
vishvendra0punia,pavan0chaurasia03
vishvendra0punia,sagar0choudhary03958
vishvendra0punia,aarav0chauhan0965
vishvendra0punia,100018593709623
vishvendra0punia,thakur0gourav075
vishvendra0punia,g0goyet
vishvendra0punia,shashank0dahiya037
vishvendra0punia,tainy0bhai
vishvendra0punia,100004743886660
vishvendra0punia,100009364117756
vishvendra0punia,sanket0kothawade054
vishvendra0punia,ballujugadi0jaat
vishvendra0punia,anshul0kamboj0718
vishvendra0punia,100010277743887
vishvendra0punia,sumitnkloia0sumitnkloia
vishvendra0punia,vishulpartap
vishvendra0punia,vibhu0jaat035
vishvendra0punia,mohit0goutam098229
vishvendra0punia,sandeep0jadaun094
vishvendra0punia,rohit0jangra07712826
vishvendra0punia,sachin0gurjar09231
vishvendra0punia,chaudhary0savita1
vishvendra0punia,tomersaru
vishvendra0punia,parveen0ahlawat03745
vishvendra0punia,arun0rana090260
vishvendra0punia,100009276698192
vishvendra0punia,mugdha0patil0333
vishvendra0punia,manojrsarda
vishvendra0punia,angel0vohra0792
vishvendra0punia,100003723197463
vishvendra0punia,sanjay0dhiman07965
vishvendra0punia,vivek0pandit0334
vishvendra0punia,100013810575204
vishvendra0punia,parul0bedi056
vishvendra0punia,koushik0majumdar0948
vishvendra0punia,mandip0singh0123829
vishvendra0punia,jat0bhai01291
vishvendra0punia,rahul0nandal01848
vishvendra0punia,ankit0sheoran052
vishvendra0punia,kaptaanchoudhary0jaat09
vishvendra0punia,agam0ahlawat
vishvendra0punia,ashwal0don
vishvendra0punia,100008800024123
vishvendra0punia,100014539444840
vishvendra0punia,100004828986891
vishvendra0punia,100005145728619
vishvendra0punia,100006700639161
vishvendra0punia,100015925266895
vishvendra0punia,raghav0jindal0904
vishvendra0punia,chaudharyyogesh18
vishvendra0punia,dineshgruwa0gruwa
vishvendra0punia,rajatrana52
vishvendra0punia,100004140482571
vishvendra0punia,adarsh0panwar03
vishvendra0punia,100009779989367
vishvendra0punia,deepak0pratap05055
vishvendra0punia,100007354356765
vishvendra0punia,yatin0dev
vishvendra0punia,mohit0ruhela0940
vishvendra0punia,jaat0singh0982
vishvendra0punia,100004866018025
vishvendra0punia,monu0tomar052206
vishvendra0punia,mayur0tidke
vishvendra0punia,anujdahiya0dahiya
vishvendra0punia,vishesh0puniya07
vishvendra0punia,vijay0panwar010485546
vishvendra0punia,amit0dahiya05811877
vishvendra0punia,raj0rana0758399
vishvendra0punia,vikas0panwar03762584
vishvendra0punia,ankurdahiyajat
vishvendra0punia,aishwarya0pradhan07
vishvendra0punia,100022707825489
vishvendra0punia,abhiitr
vishvendra0punia,100007858517488
vishvendra0punia,subodhkumar0bhaniya
vishvendra0punia,ram0mohril
vishvendra0punia,vishant0chaudhary0106
vishvendra0punia,jagruti0sonawane056
vishvendra0punia,usaman0malik0549
vishvendra0punia,himanshu0punia0927
vishvendra0punia,sonu0sain052035
vishvendra0punia,amit0dahiya035762
vishvendra0punia,vikrant0choudhary0336
vishvendra0punia,nitin0jaat03745
vishvendra0punia,praveen0tripathi037
vishvendra0punia,sunilkumar0mourya0900
vishvendra0punia,amit0rana03994
vishvendra0punia,kopal0roxx
vishvendra0punia,asutosh0mohanty05
vishvendra0punia,ravinder0s0bajwa
vishvendra0punia,geetanjali0chintalwar
vishvendra0punia,ankur0jaat0750
vishvendra0punia,mayank0baliyans
vishvendra0punia,100015121414313
vishvendra0punia,sahil0dahiya0904108
vishvendra0punia,abhipanwar0abhipanwar01
vishvendra0punia,aishwarya0bodh
vishvendra0punia,madhu0dikshit07
vishvendra0punia,sanuj0choudhary0777
vishvendra0punia,deepak61900
vishvendra0punia,anuj0ror0752
vishvendra0punia,prince0gujjar0750
vishvendra0punia,itz0sumit075
vishvendra0punia,vikas0khatri09809
vishvendra0punia,vikas0panwar0946179
vishvendra0punia,100021635618805
vishvendra0punia,ankulkumar0gujjar
vishvendra0punia,sunny0khurna
vishvendra0punia,ravi0randhava0169
vishvendra0punia,siddhanshugujjar0gujjar
vishvendra0punia,vinamra0mishra077
vishvendra0punia,100004667323691
vishvendra0punia,anmol0rathi058
vishvendra0punia,dnyanesh0borse09
vishvendra0punia,vikas0panwar033234571
vishvendra0punia,shubhangi0kavathekar09
vishvendra0punia,kuldeep0tarar07
vishvendra0punia,ankit0panwar056884761
vishvendra0punia,pragya0pandey0315
vishvendra0punia,nikhil0gandhi05667
vishvendra0punia,suryanshi0mishra033
vishvendra0punia,pushkar0chauhan0125
vishvendra0punia,shubham0valsetwar
vishvendra0punia,amar0raul1
vishvendra0punia,100005359935944
vishvendra0punia,100007442149284
vishvendra0punia,100009198740637
vishvendra0punia,jay0choudhary0771
vishvendra0punia,parth0bapaye
vishvendra0punia,prateek0purwar
vishvendra0punia,akshaya0saini09
vishvendra0punia,ajay0kataria0146
vishvendra0punia,vikas04u2
vishvendra0punia,yadvendrasingh0rajput03
vishvendra0punia,sagar0sahrawat039
vishvendra0punia,vilas0raj0353
vishvendra0punia,pulkit0gulia071
vishvendra0punia,reena0saini03133
vishvendra0punia,tanuj0jaat079
vishvendra0punia,100003160967302
vishvendra0punia,100011869946656
vishvendra0punia,100022539623796
vishvendra0punia,100009720404755
vishvendra0punia,mahesh0bondarde09
vishvendra0punia,chirag0malik03
vishvendra0punia,tushar0gujjar03192
vishvendra0punia,ujjavalmalik
vishvendra0punia,gaurav0panwar075641
vishvendra0punia,100004908106343
vishvendra0punia,100008869084572
vishvendra0punia,skhan2875
vishvendra0punia,dibyendu0chatterjee2
vishvendra0punia,shivadelicanuj
vishvendra0punia,rajashree0nori
vishvendra0punia,vikeshwar2
vishvendra0punia,parvinder0gill056211
vishvendra0punia,atul0gupta096592836
vishvendra0punia,100007369746054
vishvendra0punia,100009779233861
